{"assets/images/QT/QT_head.png":["assets/images/QT/QT_head.png"],"assets/images/QT/QT_robot.png":["assets/images/QT/QT_robot.png"],"assets/images/QT/QT_salute.png":["assets/images/QT/QT_salute.png"],"assets/images/QT/QT_speak.png":["assets/images/QT/QT_speak.png"],"assets/images/QT/emotions/bisou.png":["assets/images/QT/emotions/bisou.png"],"assets/images/QT/emotions/bizarre.png":["assets/images/QT/emotions/bizarre.png"],"assets/images/QT/emotions/blush.png":["assets/images/QT/emotions/blush.png"],"assets/images/QT/emotions/cute.png":["assets/images/QT/emotions/cute.png"],"assets/images/QT/emotions/enerve.png":["assets/images/QT/emotions/enerve.png"],"assets/images/QT/emotions/etonne.png":["assets/images/QT/emotions/etonne.png"],"assets/images/QT/emotions/heureux.png":["assets/images/QT/emotions/heureux.png"],"assets/images/QT/emotions/heureux2.png":["assets/images/QT/emotions/heureux2.png"],"assets/images/QT/emotions/heureux3.png":["assets/images/QT/emotions/heureux3.png"],"assets/images/QT/emotions/heureux4.png":["assets/images/QT/emotions/heureux4.png"],"assets/images/QT/emotions/inquiet.png":["assets/images/QT/emotions/inquiet.png"],"assets/images/QT/emotions/inquiet2.png":["assets/images/QT/emotions/inquiet2.png"],"assets/images/QT/emotions/langue.png":["assets/images/QT/emotions/langue.png"],"assets/images/QT/emotions/neutre.png":["assets/images/QT/emotions/neutre.png"],"assets/images/QT/emotions/presque.png":["assets/images/QT/emotions/presque.png"],"assets/images/calculs/addition.png":["assets/images/calculs/addition.png"],"assets/images/calculs/divide.png":["assets/images/calculs/divide.png"],"assets/images/calculs/multiply.png":["assets/images/calculs/multiply.png"],"assets/images/calculs/substract.png":["assets/images/calculs/substract.png"],"assets/images/other/background3.png":["assets/images/other/background3.png"],"assets/images/other/chat-bubble-gauche.png":["assets/images/other/chat-bubble-gauche.png"],"assets/images/other/main_background.png":["assets/images/other/main_background.png"],"assets/images/other/star.png":["assets/images/other/star.png"],"assets/images/other/sun.png":["assets/images/other/sun.png"],"assets/questions/simple_calcul.json":["assets/questions/simple_calcul.json"],"packages/cupertino_icons/assets/CupertinoIcons.ttf":["packages/cupertino_icons/assets/CupertinoIcons.ttf"]}